Name,ID,Has Block,Mod,Class
minecraft:stone,1,true,null,net.minecraft.item.ItemBlock
minecraft:grass,2,true,null,net.minecraft.item.ItemBlock
minecraft:dirt,3,true,null,net.minecraft.item.ItemMultiTexture
minecraft:cobblestone,4,true,null,net.minecraft.item.ItemBlock
minecraft:planks,5,true,null,net.minecraft.item.ItemMultiTexture
minecraft:sapling,6,true,null,net.minecraft.item.ItemMultiTexture
minecraft:bedrock,7,true,null,net.minecraft.item.ItemBlock
minecraft:flowing_water,8,true,null,net.minecraft.item.ItemBlock
minecraft:water,9,true,null,net.minecraft.item.ItemBlock
minecraft:flowing_lava,10,true,null,net.minecraft.item.ItemBlock
minecraft:lava,11,true,null,net.minecraft.item.ItemBlock
minecraft:sand,12,true,null,net.minecraft.item.ItemMultiTexture
minecraft:gravel,13,true,null,net.minecraft.item.ItemBlock
minecraft:gold_ore,14,true,null,net.minecraft.item.ItemBlock
minecraft:iron_ore,15,true,null,net.minecraft.item.ItemBlock
minecraft:coal_ore,16,true,null,net.minecraft.item.ItemBlock
minecraft:log,17,true,null,net.minecraft.item.ItemMultiTexture
minecraft:leaves,18,true,null,net.minecraft.item.ItemLeaves
minecraft:sponge,19,true,null,net.minecraft.item.ItemBlock
minecraft:glass,20,true,null,net.minecraft.item.ItemBlock
minecraft:lapis_ore,21,true,null,net.minecraft.item.ItemBlock
minecraft:lapis_block,22,true,null,net.minecraft.item.ItemBlock
minecraft:dispenser,23,true,null,net.minecraft.item.ItemBlock
minecraft:sandstone,24,true,null,net.minecraft.item.ItemMultiTexture
minecraft:noteblock,25,true,null,net.minecraft.item.ItemBlock
minecraft:golden_rail,27,true,null,net.minecraft.item.ItemBlock
minecraft:detector_rail,28,true,null,net.minecraft.item.ItemBlock
minecraft:sticky_piston,29,true,null,net.minecraft.item.ItemPiston
minecraft:web,30,true,null,net.minecraft.item.ItemBlock
minecraft:tallgrass,31,true,null,net.minecraft.item.ItemColored
minecraft:deadbush,32,true,null,net.minecraft.item.ItemBlock
minecraft:piston,33,true,null,net.minecraft.item.ItemPiston
minecraft:wool,35,true,null,net.minecraft.item.ItemCloth
minecraft:yellow_flower,37,true,null,net.minecraft.item.ItemMultiTexture
minecraft:red_flower,38,true,null,net.minecraft.item.ItemMultiTexture
minecraft:brown_mushroom,39,true,null,net.minecraft.item.ItemBlock
minecraft:red_mushroom,40,true,null,net.minecraft.item.ItemBlock
minecraft:gold_block,41,true,null,net.minecraft.item.ItemBlock
minecraft:iron_block,42,true,null,net.minecraft.item.ItemBlock
minecraft:double_stone_slab,43,true,null,net.minecraft.item.ItemSlab
minecraft:stone_slab,44,true,null,net.minecraft.item.ItemSlab
minecraft:brick_block,45,true,null,net.minecraft.item.ItemBlock
minecraft:tnt,46,true,null,net.minecraft.item.ItemBlock
minecraft:bookshelf,47,true,null,net.minecraft.item.ItemBlock
minecraft:mossy_cobblestone,48,true,null,net.minecraft.item.ItemBlock
minecraft:obsidian,49,true,null,net.minecraft.item.ItemBlock
minecraft:torch,50,true,null,net.minecraft.item.ItemBlock
minecraft:fire,51,true,null,net.minecraft.item.ItemBlock
minecraft:mob_spawner,52,true,null,net.minecraft.item.ItemBlock
minecraft:oak_stairs,53,true,null,net.minecraft.item.ItemBlock
minecraft:chest,54,true,null,net.minecraft.item.ItemBlock
minecraft:diamond_ore,56,true,null,net.minecraft.item.ItemBlock
minecraft:diamond_block,57,true,null,net.minecraft.item.ItemBlock
minecraft:crafting_table,58,true,null,net.minecraft.item.ItemBlock
minecraft:farmland,60,true,null,net.minecraft.item.ItemBlock
minecraft:furnace,61,true,null,net.minecraft.item.ItemBlock
minecraft:lit_furnace,62,true,null,net.minecraft.item.ItemBlock
minecraft:ladder,65,true,null,net.minecraft.item.ItemBlock
minecraft:rail,66,true,null,net.minecraft.item.ItemBlock
minecraft:stone_stairs,67,true,null,net.minecraft.item.ItemBlock
minecraft:lever,69,true,null,net.minecraft.item.ItemBlock
minecraft:stone_pressure_plate,70,true,null,net.minecraft.item.ItemBlock
minecraft:wooden_pressure_plate,72,true,null,net.minecraft.item.ItemBlock
minecraft:redstone_ore,73,true,null,net.minecraft.item.ItemBlock
minecraft:redstone_torch,76,true,null,net.minecraft.item.ItemBlock
minecraft:stone_button,77,true,null,net.minecraft.item.ItemBlock
minecraft:snow_layer,78,true,null,net.minecraft.item.ItemSnow
minecraft:ice,79,true,null,net.minecraft.item.ItemBlock
minecraft:snow,80,true,null,net.minecraft.item.ItemBlock
minecraft:cactus,81,true,null,net.minecraft.item.ItemBlock
minecraft:clay,82,true,null,net.minecraft.item.ItemBlock
minecraft:jukebox,84,true,null,net.minecraft.item.ItemBlock
minecraft:fence,85,true,null,net.minecraft.item.ItemBlock
minecraft:pumpkin,86,true,null,net.minecraft.item.ItemBlock
minecraft:netherrack,87,true,null,net.minecraft.item.ItemBlock
minecraft:soul_sand,88,true,null,net.minecraft.item.ItemBlock
minecraft:glowstone,89,true,null,net.minecraft.item.ItemBlock
minecraft:portal,90,true,null,net.minecraft.item.ItemBlock
minecraft:lit_pumpkin,91,true,null,net.minecraft.item.ItemBlock
minecraft:stained_glass,95,true,null,net.minecraft.item.ItemCloth
minecraft:trapdoor,96,true,null,net.minecraft.item.ItemBlock
minecraft:monster_egg,97,true,null,net.minecraft.item.ItemMultiTexture
minecraft:stonebrick,98,true,null,net.minecraft.item.ItemMultiTexture
minecraft:brown_mushroom_block,99,true,null,net.minecraft.item.ItemBlock
minecraft:red_mushroom_block,100,true,null,net.minecraft.item.ItemBlock
minecraft:iron_bars,101,true,null,net.minecraft.item.ItemBlock
minecraft:glass_pane,102,true,null,net.minecraft.item.ItemBlock
minecraft:melon_block,103,true,null,net.minecraft.item.ItemBlock
minecraft:vine,106,true,null,net.minecraft.item.ItemColored
minecraft:fence_gate,107,true,null,net.minecraft.item.ItemBlock
minecraft:brick_stairs,108,true,null,net.minecraft.item.ItemBlock
minecraft:stone_brick_stairs,109,true,null,net.minecraft.item.ItemBlock
minecraft:mycelium,110,true,null,net.minecraft.item.ItemBlock
minecraft:waterlily,111,true,null,net.minecraft.item.ItemLilyPad
minecraft:nether_brick,112,true,null,net.minecraft.item.ItemBlock
minecraft:nether_brick_fence,113,true,null,net.minecraft.item.ItemBlock
minecraft:nether_brick_stairs,114,true,null,net.minecraft.item.ItemBlock
minecraft:enchanting_table,116,true,null,net.minecraft.item.ItemBlock
minecraft:end_portal,119,true,null,net.minecraft.item.ItemBlock
minecraft:end_portal_frame,120,true,null,net.minecraft.item.ItemBlock
minecraft:end_stone,121,true,null,net.minecraft.item.ItemBlock
minecraft:dragon_egg,122,true,null,net.minecraft.item.ItemBlock
minecraft:redstone_lamp,123,true,null,net.minecraft.item.ItemBlock
minecraft:double_wooden_slab,125,true,null,net.minecraft.item.ItemSlab
minecraft:wooden_slab,126,true,null,net.minecraft.item.ItemSlab
minecraft:cocoa,127,true,null,net.minecraft.item.ItemBlock
minecraft:sandstone_stairs,128,true,null,net.minecraft.item.ItemBlock
minecraft:emerald_ore,129,true,null,net.minecraft.item.ItemBlock
minecraft:ender_chest,130,true,null,net.minecraft.item.ItemBlock
minecraft:tripwire_hook,131,true,null,net.minecraft.item.ItemBlock
minecraft:emerald_block,133,true,null,net.minecraft.item.ItemBlock
minecraft:spruce_stairs,134,true,null,net.minecraft.item.ItemBlock
minecraft:birch_stairs,135,true,null,net.minecraft.item.ItemBlock
minecraft:jungle_stairs,136,true,null,net.minecraft.item.ItemBlock
minecraft:command_block,137,true,null,net.minecraft.item.ItemBlock
minecraft:beacon,138,true,null,net.minecraft.item.ItemBlock
minecraft:cobblestone_wall,139,true,null,net.minecraft.item.ItemMultiTexture
minecraft:carrots,141,true,null,net.minecraft.item.ItemBlock
minecraft:potatoes,142,true,null,net.minecraft.item.ItemBlock
minecraft:wooden_button,143,true,null,net.minecraft.item.ItemBlock
minecraft:anvil,145,true,null,net.minecraft.item.ItemAnvilBlock
minecraft:trapped_chest,146,true,null,net.minecraft.item.ItemBlock
minecraft:light_weighted_pressure_plate,147,true,null,net.minecraft.item.ItemBlock
minecraft:heavy_weighted_pressure_plate,148,true,null,net.minecraft.item.ItemBlock
minecraft:daylight_detector,151,true,null,net.minecraft.item.ItemBlock
minecraft:redstone_block,152,true,null,net.minecraft.item.ItemBlock
minecraft:quartz_ore,153,true,null,net.minecraft.item.ItemBlock
minecraft:hopper,154,true,null,net.minecraft.item.ItemBlock
minecraft:quartz_block,155,true,null,net.minecraft.item.ItemMultiTexture
minecraft:quartz_stairs,156,true,null,net.minecraft.item.ItemBlock
minecraft:activator_rail,157,true,null,net.minecraft.item.ItemBlock
minecraft:dropper,158,true,null,net.minecraft.item.ItemBlock
minecraft:stained_hardened_clay,159,true,null,net.minecraft.item.ItemCloth
minecraft:stained_glass_pane,160,true,null,net.minecraft.item.ItemCloth
minecraft:leaves2,161,true,null,net.minecraft.item.ItemLeaves
minecraft:log2,162,true,null,net.minecraft.item.ItemMultiTexture
minecraft:acacia_stairs,163,true,null,net.minecraft.item.ItemBlock
minecraft:dark_oak_stairs,164,true,null,net.minecraft.item.ItemBlock
BiomesOPlenty:mud,165,true,null,biomesoplenty.common.itemblocks.ItemBlockMud
BiomesOPlenty:driedDirt,166,true,null,net.minecraft.item.ItemBlock
BiomesOPlenty:rocks,167,true,null,biomesoplenty.common.itemblocks.ItemBlockRocks
BiomesOPlenty:ash,168,true,null,net.minecraft.item.ItemBlock
BiomesOPlenty:flesh,169,true,null,net.minecraft.item.ItemBlock
minecraft:hay_block,170,true,null,net.minecraft.item.ItemBlock
minecraft:carpet,171,true,null,net.minecraft.item.ItemCloth
minecraft:hardened_clay,172,true,null,net.minecraft.item.ItemBlock
minecraft:coal_block,173,true,null,net.minecraft.item.ItemBlock
minecraft:packed_ice,174,true,null,net.minecraft.item.ItemBlock
minecraft:double_plant,175,true,null,net.minecraft.item.ItemDoublePlant
BiomesOPlenty:plants,176,true,null,biomesoplenty.common.itemblocks.ItemBlockPlant
BiomesOPlenty:flowers,177,true,null,biomesoplenty.common.itemblocks.ItemBlockFlower
BiomesOPlenty:flowers2,178,true,null,biomesoplenty.common.itemblocks.ItemBlockFlower2
BiomesOPlenty:stoneFormations,179,true,null,biomesoplenty.common.itemblocks.ItemBlockStoneFormations
BiomesOPlenty:mushrooms,180,true,null,biomesoplenty.common.itemblocks.ItemBlockMushroom
BiomesOPlenty:willow,181,true,null,biomesoplenty.common.itemblocks.ItemBlockWillow
BiomesOPlenty:ivy,182,true,null,biomesoplenty.common.itemblocks.ItemBlockIvy
BiomesOPlenty:treeMoss,183,true,null,net.minecraft.item.ItemBlock
BiomesOPlenty:flowerVine,184,true,null,net.minecraft.item.ItemBlock
BiomesOPlenty:foliage,185,true,null,biomesoplenty.common.itemblocks.ItemBlockFoliage
BiomesOPlenty:turnip,186,true,null,net.minecraft.item.ItemBlock
BiomesOPlenty:coral1,187,true,null,biomesoplenty.common.itemblocks.ItemBlockCoral
BiomesOPlenty:coral2,188,true,null,biomesoplenty.common.itemblocks.ItemBlockCoral
BiomesOPlenty:ashStone,189,true,null,net.minecraft.item.ItemBlock
BiomesOPlenty:hardIce,190,true,null,net.minecraft.item.ItemBlock
BiomesOPlenty:appleLeaves,191,true,null,biomesoplenty.common.itemblocks.ItemBlockAppleLeaves
BiomesOPlenty:persimmonLeaves,192,true,null,biomesoplenty.common.itemblocks.ItemBlockPersimmonLeaves
BiomesOPlenty:moss,193,true,null,biomesoplenty.common.itemblocks.ItemBlockMoss
BiomesOPlenty:bamboo,194,true,null,biomesoplenty.common.itemblocks.ItemBlockBamboo
BiomesOPlenty:mudBricks,195,true,null,net.minecraft.item.ItemBlock
BiomesOPlenty:originGrass,196,true,null,net.minecraft.item.ItemBlock
BiomesOPlenty:longGrass,197,true,null,net.minecraft.item.ItemBlock
BiomesOPlenty:overgrownNetherrack,198,true,null,net.minecraft.item.ItemBlock
BiomesOPlenty:bopGrass,199,true,null,biomesoplenty.common.itemblocks.ItemBlockGrass
BiomesOPlenty:logs1,200,true,null,biomesoplenty.common.itemblocks.ItemBlockLog
BiomesOPlenty:logs2,201,true,null,biomesoplenty.common.itemblocks.ItemBlockLog
BiomesOPlenty:logs3,202,true,null,biomesoplenty.common.itemblocks.ItemBlockLog
BiomesOPlenty:logs4,203,true,null,biomesoplenty.common.itemblocks.ItemBlockLog
BiomesOPlenty:leaves1,204,true,null,biomesoplenty.common.itemblocks.ItemBlockLeaves
BiomesOPlenty:leaves2,205,true,null,biomesoplenty.common.itemblocks.ItemBlockLeaves
BiomesOPlenty:leaves3,206,true,null,biomesoplenty.common.itemblocks.ItemBlockLeaves
BiomesOPlenty:leaves4,207,true,null,biomesoplenty.common.itemblocks.ItemBlockLeaves
BiomesOPlenty:petals,208,true,null,biomesoplenty.common.itemblocks.ItemBlockPetals
BiomesOPlenty:saplings,209,true,null,biomesoplenty.common.itemblocks.ItemBlockSapling
BiomesOPlenty:colorizedSaplings,210,true,null,biomesoplenty.common.itemblocks.ItemBlockColorizedSapling
BiomesOPlenty:hardSand,211,true,null,net.minecraft.item.ItemBlock
BiomesOPlenty:hardDirt,212,true,null,net.minecraft.item.ItemBlock
BiomesOPlenty:biomeBlock,213,true,null,net.minecraft.item.ItemBlock
BiomesOPlenty:crystal,214,true,null,net.minecraft.item.ItemBlock
BiomesOPlenty:gemOre,215,true,null,biomesoplenty.common.itemblocks.ItemBlockGems
BiomesOPlenty:cragRock,216,true,null,net.minecraft.item.ItemBlock
BiomesOPlenty:hive,217,true,null,biomesoplenty.common.itemblocks.ItemBlockHive
BiomesOPlenty:honeyBlock,218,true,null,net.minecraft.item.ItemBlock
BiomesOPlenty:bones,219,true,null,biomesoplenty.common.itemblocks.ItemBlockBones
BiomesOPlenty:grave,220,true,null,biomesoplenty.common.itemblocks.ItemBlockGrave
BiomesOPlenty:planks,221,true,null,biomesoplenty.common.itemblocks.ItemBlockPlank
BiomesOPlenty:woodenSingleSlab1,222,true,null,biomesoplenty.common.itemblocks.ItemBlockSlab
BiomesOPlenty:woodenDoubleSlab1,223,true,null,biomesoplenty.common.itemblocks.ItemBlockSlab
BiomesOPlenty:woodenSingleSlab2,224,true,null,biomesoplenty.common.itemblocks.ItemBlockSlab
BiomesOPlenty:woodenDoubleSlab2,225,true,null,biomesoplenty.common.itemblocks.ItemBlockSlab
BiomesOPlenty:stoneSingleSlab,226,true,null,biomesoplenty.common.itemblocks.ItemBlockSlab
BiomesOPlenty:stoneDoubleSlab,227,true,null,biomesoplenty.common.itemblocks.ItemBlockSlab
BiomesOPlenty:sacredoakStairs,228,true,null,net.minecraft.item.ItemBlock
BiomesOPlenty:cherryStairs,229,true,null,net.minecraft.item.ItemBlock
BiomesOPlenty:darkStairs,230,true,null,net.minecraft.item.ItemBlock
BiomesOPlenty:firStairs,231,true,null,net.minecraft.item.ItemBlock
BiomesOPlenty:holyStairs,232,true,null,net.minecraft.item.ItemBlock
BiomesOPlenty:magicStairs,233,true,null,net.minecraft.item.ItemBlock
BiomesOPlenty:mangroveStairs,234,true,null,net.minecraft.item.ItemBlock
BiomesOPlenty:palmStairs,235,true,null,net.minecraft.item.ItemBlock
BiomesOPlenty:redwoodStairs,236,true,null,net.minecraft.item.ItemBlock
BiomesOPlenty:willowStairs,237,true,null,net.minecraft.item.ItemBlock
BiomesOPlenty:pineStairs,238,true,null,net.minecraft.item.ItemBlock
BiomesOPlenty:hellBarkStairs,239,true,null,net.minecraft.item.ItemBlock
BiomesOPlenty:jacarandaStairs,240,true,null,net.minecraft.item.ItemBlock
BiomesOPlenty:mahoganyStairs,241,true,null,net.minecraft.item.ItemBlock
BiomesOPlenty:mudBricksStairs,242,true,null,net.minecraft.item.ItemBlock
BiomesOPlenty:colorizedLeaves1,243,true,null,biomesoplenty.common.itemblocks.ItemBlockColorizedLeaves
BiomesOPlenty:colorizedLeaves2,244,true,null,biomesoplenty.common.itemblocks.ItemBlockColorizedLeaves
BiomesOPlenty:poison,245,true,null,net.minecraft.item.ItemBlock
BiomesOPlenty:springWater,246,true,null,net.minecraft.item.ItemBlock
BiomesOPlenty:honey,247,true,null,net.minecraft.item.ItemBlock
JABBA:barrel,249,true,null,net.minecraft.item.ItemBlock
Metallurgy:machine.frame,250,true,null,net.minecraft.item.ItemBlock
Metallurgy:crusher,251,true,null,net.minecraft.item.ItemBlock
Metallurgy:alloyer,252,true,null,net.minecraft.item.ItemBlock
Metallurgy:forge,253,true,null,net.minecraft.item.ItemBlock
Metallurgy:base.ore,254,true,null,com.teammetallurgy.metallurgy.metals.ItemMetalBlock
Metallurgy:base.block,255,true,null,com.teammetallurgy.metallurgy.metals.ItemMetalBlock
minecraft:iron_shovel,256,false,null,net.minecraft.item.ItemSpade
minecraft:iron_pickaxe,257,false,null,net.minecraft.item.ItemPickaxe
minecraft:iron_axe,258,false,null,net.minecraft.item.ItemAxe
minecraft:flint_and_steel,259,false,null,net.minecraft.item.ItemFlintAndSteel
minecraft:apple,260,false,null,net.minecraft.item.ItemFood
minecraft:bow,261,false,null,net.minecraft.item.ItemBow
minecraft:arrow,262,false,null,net.minecraft.item.Item
minecraft:coal,263,false,null,net.minecraft.item.ItemCoal
minecraft:diamond,264,false,null,net.minecraft.item.Item
minecraft:iron_ingot,265,false,null,net.minecraft.item.Item
minecraft:gold_ingot,266,false,null,net.minecraft.item.Item
minecraft:iron_sword,267,false,null,net.minecraft.item.ItemSword
minecraft:wooden_sword,268,false,null,net.minecraft.item.ItemSword
minecraft:wooden_shovel,269,false,null,net.minecraft.item.ItemSpade
minecraft:wooden_pickaxe,270,false,null,net.minecraft.item.ItemPickaxe
minecraft:wooden_axe,271,false,null,net.minecraft.item.ItemAxe
minecraft:stone_sword,272,false,null,net.minecraft.item.ItemSword
minecraft:stone_shovel,273,false,null,net.minecraft.item.ItemSpade
minecraft:stone_pickaxe,274,false,null,net.minecraft.item.ItemPickaxe
minecraft:stone_axe,275,false,null,net.minecraft.item.ItemAxe
minecraft:diamond_sword,276,false,null,net.minecraft.item.ItemSword
minecraft:diamond_shovel,277,false,null,net.minecraft.item.ItemSpade
minecraft:diamond_pickaxe,278,false,null,net.minecraft.item.ItemPickaxe
minecraft:diamond_axe,279,false,null,net.minecraft.item.ItemAxe
minecraft:stick,280,false,null,net.minecraft.item.Item
minecraft:bowl,281,false,null,net.minecraft.item.Item
minecraft:mushroom_stew,282,false,null,net.minecraft.item.ItemSoup
minecraft:golden_sword,283,false,null,net.minecraft.item.ItemSword
minecraft:golden_shovel,284,false,null,net.minecraft.item.ItemSpade
minecraft:golden_pickaxe,285,false,null,net.minecraft.item.ItemPickaxe
minecraft:golden_axe,286,false,null,net.minecraft.item.ItemAxe
minecraft:string,287,false,null,net.minecraft.item.ItemReed
minecraft:feather,288,false,null,net.minecraft.item.Item
minecraft:gunpowder,289,false,null,net.minecraft.item.Item
minecraft:wooden_hoe,290,false,null,net.minecraft.item.ItemHoe
minecraft:stone_hoe,291,false,null,net.minecraft.item.ItemHoe
minecraft:iron_hoe,292,false,null,net.minecraft.item.ItemHoe
minecraft:diamond_hoe,293,false,null,net.minecraft.item.ItemHoe
minecraft:golden_hoe,294,false,null,net.minecraft.item.ItemHoe
minecraft:wheat_seeds,295,false,null,net.minecraft.item.ItemSeeds
minecraft:wheat,296,false,null,net.minecraft.item.Item
minecraft:bread,297,false,null,net.minecraft.item.ItemFood
minecraft:leather_helmet,298,false,null,net.minecraft.item.ItemArmor
minecraft:leather_chestplate,299,false,null,net.minecraft.item.ItemArmor
minecraft:leather_leggings,300,false,null,net.minecraft.item.ItemArmor
minecraft:leather_boots,301,false,null,net.minecraft.item.ItemArmor
minecraft:chainmail_helmet,302,false,null,net.minecraft.item.ItemArmor
minecraft:chainmail_chestplate,303,false,null,net.minecraft.item.ItemArmor
minecraft:chainmail_leggings,304,false,null,net.minecraft.item.ItemArmor
minecraft:chainmail_boots,305,false,null,net.minecraft.item.ItemArmor
minecraft:iron_helmet,306,false,null,net.minecraft.item.ItemArmor
minecraft:iron_chestplate,307,false,null,net.minecraft.item.ItemArmor
minecraft:iron_leggings,308,false,null,net.minecraft.item.ItemArmor
minecraft:iron_boots,309,false,null,net.minecraft.item.ItemArmor
minecraft:diamond_helmet,310,false,null,net.minecraft.item.ItemArmor
minecraft:diamond_chestplate,311,false,null,net.minecraft.item.ItemArmor
minecraft:diamond_leggings,312,false,null,net.minecraft.item.ItemArmor
minecraft:diamond_boots,313,false,null,net.minecraft.item.ItemArmor
minecraft:golden_helmet,314,false,null,net.minecraft.item.ItemArmor
minecraft:golden_chestplate,315,false,null,net.minecraft.item.ItemArmor
minecraft:golden_leggings,316,false,null,net.minecraft.item.ItemArmor
minecraft:golden_boots,317,false,null,net.minecraft.item.ItemArmor
minecraft:flint,318,false,null,net.minecraft.item.Item
minecraft:porkchop,319,false,null,net.minecraft.item.ItemFood
minecraft:cooked_porkchop,320,false,null,net.minecraft.item.ItemFood
minecraft:painting,321,false,null,net.minecraft.item.ItemHangingEntity
minecraft:golden_apple,322,false,null,net.minecraft.item.ItemAppleGold
minecraft:sign,323,false,null,net.minecraft.item.ItemSign
minecraft:wooden_door,324,false,null,net.minecraft.item.ItemDoor
minecraft:bucket,325,false,null,net.minecraft.item.ItemBucket
minecraft:water_bucket,326,false,null,net.minecraft.item.ItemBucket
minecraft:lava_bucket,327,false,null,net.minecraft.item.ItemBucket
minecraft:minecart,328,false,null,net.minecraft.item.ItemMinecart
minecraft:saddle,329,false,null,net.minecraft.item.ItemSaddle
minecraft:iron_door,330,false,null,net.minecraft.item.ItemDoor
minecraft:redstone,331,false,null,net.minecraft.item.ItemRedstone
minecraft:snowball,332,false,null,net.minecraft.item.ItemSnowball
minecraft:boat,333,false,null,net.minecraft.item.ItemBoat
minecraft:leather,334,false,null,net.minecraft.item.Item
minecraft:milk_bucket,335,false,null,net.minecraft.item.ItemBucketMilk
minecraft:brick,336,false,null,net.minecraft.item.Item
minecraft:clay_ball,337,false,null,net.minecraft.item.Item
minecraft:reeds,338,false,null,net.minecraft.item.ItemReed
minecraft:paper,339,false,null,net.minecraft.item.Item
minecraft:book,340,false,null,net.minecraft.item.ItemBook
minecraft:slime_ball,341,false,null,net.minecraft.item.Item
minecraft:chest_minecart,342,false,null,net.minecraft.item.ItemMinecart
minecraft:furnace_minecart,343,false,null,net.minecraft.item.ItemMinecart
minecraft:egg,344,false,null,net.minecraft.item.ItemEgg
minecraft:compass,345,false,null,net.minecraft.item.Item
minecraft:fishing_rod,346,false,null,net.minecraft.item.ItemFishingRod
minecraft:clock,347,false,null,net.minecraft.item.Item
minecraft:glowstone_dust,348,false,null,net.minecraft.item.Item
minecraft:fish,349,false,null,net.minecraft.item.ItemFishFood
minecraft:cooked_fished,350,false,null,net.minecraft.item.ItemFishFood
minecraft:dye,351,false,null,net.minecraft.item.ItemDye
minecraft:bone,352,false,null,net.minecraft.item.Item
minecraft:sugar,353,false,null,net.minecraft.item.Item
minecraft:cake,354,false,null,net.minecraft.item.ItemReed
minecraft:bed,355,false,null,net.minecraft.item.ItemBed
minecraft:repeater,356,false,null,net.minecraft.item.ItemReed
minecraft:cookie,357,false,null,net.minecraft.item.ItemFood
minecraft:filled_map,358,false,null,net.minecraft.item.ItemMap
minecraft:shears,359,false,null,net.minecraft.item.ItemShears
minecraft:melon,360,false,null,net.minecraft.item.ItemFood
minecraft:pumpkin_seeds,361,false,null,net.minecraft.item.ItemSeeds
minecraft:melon_seeds,362,false,null,net.minecraft.item.ItemSeeds
minecraft:beef,363,false,null,net.minecraft.item.ItemFood
minecraft:cooked_beef,364,false,null,net.minecraft.item.ItemFood
minecraft:chicken,365,false,null,net.minecraft.item.ItemFood
minecraft:cooked_chicken,366,false,null,net.minecraft.item.ItemFood
minecraft:rotten_flesh,367,false,null,net.minecraft.item.ItemFood
minecraft:ender_pearl,368,false,null,net.minecraft.item.ItemEnderPearl
minecraft:blaze_rod,369,false,null,net.minecraft.item.Item
minecraft:ghast_tear,370,false,null,net.minecraft.item.Item
minecraft:gold_nugget,371,false,null,net.minecraft.item.Item
minecraft:nether_wart,372,false,null,net.minecraft.item.ItemSeeds
minecraft:potion,373,false,null,net.minecraft.item.ItemPotion
minecraft:glass_bottle,374,false,null,net.minecraft.item.ItemGlassBottle
minecraft:spider_eye,375,false,null,net.minecraft.item.ItemFood
minecraft:fermented_spider_eye,376,false,null,net.minecraft.item.Item
minecraft:blaze_powder,377,false,null,net.minecraft.item.Item
minecraft:magma_cream,378,false,null,net.minecraft.item.Item
minecraft:brewing_stand,379,false,null,net.minecraft.item.ItemReed
minecraft:cauldron,380,false,null,net.minecraft.item.ItemReed
minecraft:ender_eye,381,false,null,net.minecraft.item.ItemEnderEye
minecraft:speckled_melon,382,false,null,net.minecraft.item.Item
minecraft:spawn_egg,383,false,null,net.minecraft.item.ItemMonsterPlacer
minecraft:experience_bottle,384,false,null,net.minecraft.item.ItemExpBottle
minecraft:fire_charge,385,false,null,net.minecraft.item.ItemFireball
minecraft:writable_book,386,false,null,net.minecraft.item.ItemWritableBook
minecraft:written_book,387,false,null,net.minecraft.item.ItemEditableBook
minecraft:emerald,388,false,null,net.minecraft.item.Item
minecraft:item_frame,389,false,null,net.minecraft.item.ItemHangingEntity
minecraft:flower_pot,390,false,null,net.minecraft.item.ItemReed
minecraft:carrot,391,false,null,net.minecraft.item.ItemSeedFood
minecraft:potato,392,false,null,net.minecraft.item.ItemSeedFood
minecraft:baked_potato,393,false,null,net.minecraft.item.ItemFood
minecraft:poisonous_potato,394,false,null,net.minecraft.item.ItemFood
minecraft:map,395,false,null,net.minecraft.item.ItemEmptyMap
minecraft:golden_carrot,396,false,null,net.minecraft.item.ItemFood
minecraft:skull,397,false,null,net.minecraft.item.ItemSkull
minecraft:carrot_on_a_stick,398,false,null,net.minecraft.item.ItemCarrotOnAStick
minecraft:nether_star,399,false,null,net.minecraft.item.ItemSimpleFoiled
minecraft:pumpkin_pie,400,false,null,net.minecraft.item.ItemFood
minecraft:fireworks,401,false,null,net.minecraft.item.ItemFirework
minecraft:firework_charge,402,false,null,net.minecraft.item.ItemFireworkCharge
minecraft:enchanted_book,403,false,null,net.minecraft.item.ItemEnchantedBook
minecraft:comparator,404,false,null,net.minecraft.item.ItemReed
minecraft:netherbrick,405,false,null,net.minecraft.item.Item
minecraft:quartz,406,false,null,net.minecraft.item.Item
minecraft:tnt_minecart,407,false,null,net.minecraft.item.ItemMinecart
minecraft:hopper_minecart,408,false,null,net.minecraft.item.ItemMinecart
Metallurgy:base.brick,409,true,null,com.teammetallurgy.metallurgy.metals.ItemMetalBlock
Metallurgy:ender.ore,410,true,null,com.teammetallurgy.metallurgy.metals.ItemMetalBlock
Metallurgy:ender.block,411,true,null,com.teammetallurgy.metallurgy.metals.ItemMetalBlock
Metallurgy:ender.brick,412,true,null,com.teammetallurgy.metallurgy.metals.ItemMetalBlock
Metallurgy:fantasy.ore,413,true,null,com.teammetallurgy.metallurgy.metals.ItemMetalBlock
Metallurgy:fantasy.block,414,true,null,com.teammetallurgy.metallurgy.metals.ItemMetalBlock
Metallurgy:fantasy.brick,415,true,null,com.teammetallurgy.metallurgy.metals.ItemMetalBlock
Metallurgy:nether.ore,416,true,null,com.teammetallurgy.metallurgy.metals.ItemMetalBlock
minecraft:iron_horse_armor,417,false,null,net.minecraft.item.Item
minecraft:golden_horse_armor,418,false,null,net.minecraft.item.Item
minecraft:diamond_horse_armor,419,false,null,net.minecraft.item.Item
minecraft:lead,420,false,null,net.minecraft.item.ItemLead
minecraft:name_tag,421,false,null,net.minecraft.item.ItemNameTag
minecraft:command_block_minecart,422,false,null,net.minecraft.item.ItemMinecart
Metallurgy:nether.block,423,true,null,com.teammetallurgy.metallurgy.metals.ItemMetalBlock
Metallurgy:nether.brick,424,true,null,com.teammetallurgy.metallurgy.metals.ItemMetalBlock
Metallurgy:precious.ore,425,true,null,com.teammetallurgy.metallurgy.metals.ItemMetalBlock
Metallurgy:precious.block,426,true,null,com.teammetallurgy.metallurgy.metals.ItemMetalBlock
Metallurgy:precious.brick,427,true,null,com.teammetallurgy.metallurgy.metals.ItemMetalBlock
Metallurgy:utility.ore,428,true,null,com.teammetallurgy.metallurgy.metals.ItemMetalBlock
Metallurgy:vanilla.brick,429,true,null,com.teammetallurgy.metallurgy.metals.ItemMetalBlock
Mystcraft:BlockInkMixer,430,true,null,net.minecraft.item.ItemBlock
Mystcraft:BlockBookBinder,431,true,null,net.minecraft.item.ItemBlock
Mystcraft:BlockBookReceptacle,432,true,null,net.minecraft.item.ItemBlock
Mystcraft:BlockBookstand,433,true,null,net.minecraft.item.ItemBlock
Mystcraft:BlockLectern,434,true,null,net.minecraft.item.ItemBlock
Mystcraft:BlockDecay,435,true,null,com.xcompwiz.mystcraft.item.ItemDecayBlock
Mystcraft:BlockLinkModifier,436,true,null,net.minecraft.item.ItemBlock
Mystcraft:BlockCrystal,437,true,null,net.minecraft.item.ItemBlock
Mystcraft:LinkPortal,438,true,null,net.minecraft.item.ItemBlock
Mystcraft:WritingDesk,439,true,null,net.minecraft.item.ItemBlock
Mystcraft:BlockStarFissure,440,true,null,net.minecraft.item.ItemBlock
Mystcraft:BlockFluidMyst,441,true,null,com.xcompwiz.mystcraft.item.ItemBlockFluid
minecraft:record_13,2256,false,null,net.minecraft.item.ItemRecord
minecraft:record_cat,2257,false,null,net.minecraft.item.ItemRecord
minecraft:record_blocks,2258,false,null,net.minecraft.item.ItemRecord
minecraft:record_chirp,2259,false,null,net.minecraft.item.ItemRecord
minecraft:record_far,2260,false,null,net.minecraft.item.ItemRecord
minecraft:record_mall,2261,false,null,net.minecraft.item.ItemRecord
minecraft:record_mellohi,2262,false,null,net.minecraft.item.ItemRecord
minecraft:record_stal,2263,false,null,net.minecraft.item.ItemRecord
minecraft:record_strad,2264,false,null,net.minecraft.item.ItemRecord
minecraft:record_ward,2265,false,null,net.minecraft.item.ItemRecord
minecraft:record_11,2266,false,null,net.minecraft.item.ItemRecord
minecraft:record_wait,2267,false,null,net.minecraft.item.ItemRecord
BiomesOPlenty:food,4096,false,null,biomesoplenty.common.items.ItemBOPFood
BiomesOPlenty:turnipSeeds,4097,false,null,biomesoplenty.common.items.ItemBOPSeeds
BiomesOPlenty:misc,4098,false,null,biomesoplenty.common.items.ItemBOPMisc
BiomesOPlenty:gems,4099,false,null,biomesoplenty.common.items.ItemGems
BiomesOPlenty:mudball,4100,false,null,biomesoplenty.common.items.ItemBOPMudball
BiomesOPlenty:jarEmpty,4101,false,null,biomesoplenty.common.items.ItemJarEmpty
BiomesOPlenty:jarFilled,4102,false,null,biomesoplenty.common.items.ItemJarFilled
BiomesOPlenty:dartBlower,4103,false,null,biomesoplenty.common.items.ItemDartBlower
BiomesOPlenty:dart,4104,false,null,biomesoplenty.common.items.ItemDart
BiomesOPlenty:ancientStaff,4105,false,null,biomesoplenty.common.items.ItemBOPAncientStaff
BiomesOPlenty:enderporter,4106,false,null,biomesoplenty.common.items.ItemEnderporter
BiomesOPlenty:bopBucket,4107,false,null,biomesoplenty.common.items.ItemBOPBucket
BiomesOPlenty:record_wanderer,4108,false,null,biomesoplenty.common.items.ItemBOPRecord
BiomesOPlenty:record_corruption,4109,false,null,biomesoplenty.common.items.ItemBOPRecord
BiomesOPlenty:biomeFinder,4110,false,null,biomesoplenty.common.items.ItemBiomeFinder
BiomesOPlenty:biomeEssence,4111,false,null,biomesoplenty.common.items.ItemBOPBiomeEssence
BiomesOPlenty:swordMud,4112,false,null,biomesoplenty.common.items.ItemBOPSword
BiomesOPlenty:shovelMud,4113,false,null,biomesoplenty.common.items.ItemBOPSpade
BiomesOPlenty:pickaxeMud,4114,false,null,biomesoplenty.common.items.ItemBOPPickaxe
BiomesOPlenty:axeMud,4115,false,null,biomesoplenty.common.items.ItemBOPAxe
BiomesOPlenty:hoeMud,4116,false,null,biomesoplenty.common.items.ItemBOPHoe
BiomesOPlenty:swordAmethyst,4117,false,null,biomesoplenty.common.items.ItemBOPSword
BiomesOPlenty:shovelAmethyst,4118,false,null,biomesoplenty.common.items.ItemBOPSpade
BiomesOPlenty:pickaxeAmethyst,4119,false,null,biomesoplenty.common.items.ItemBOPPickaxe
BiomesOPlenty:axeAmethyst,4120,false,null,biomesoplenty.common.items.ItemBOPAxe
BiomesOPlenty:hoeAmethyst,4121,false,null,biomesoplenty.common.items.ItemBOPHoe
BiomesOPlenty:scytheWood,4122,false,null,biomesoplenty.common.items.ItemBOPScythe
BiomesOPlenty:scytheStone,4123,false,null,biomesoplenty.common.items.ItemBOPScythe
BiomesOPlenty:scytheIron,4124,false,null,biomesoplenty.common.items.ItemBOPScythe
BiomesOPlenty:scytheGold,4125,false,null,biomesoplenty.common.items.ItemBOPScythe
BiomesOPlenty:scytheDiamond,4126,false,null,biomesoplenty.common.items.ItemBOPScythe
BiomesOPlenty:scytheMud,4127,false,null,biomesoplenty.common.items.ItemBOPScythe
BiomesOPlenty:scytheAmethyst,4128,false,null,biomesoplenty.common.items.ItemBOPScythe
BiomesOPlenty:helmetMud,4129,false,null,biomesoplenty.common.armor.ItemMuddyArmor
BiomesOPlenty:chestplateMud,4130,false,null,biomesoplenty.common.armor.ItemMuddyArmor
BiomesOPlenty:leggingsMud,4131,false,null,biomesoplenty.common.armor.ItemMuddyArmor
BiomesOPlenty:bootsMud,4132,false,null,biomesoplenty.common.armor.ItemMuddyArmor
BiomesOPlenty:helmetAmethyst,4133,false,null,biomesoplenty.common.armor.ItemAmethystArmor
BiomesOPlenty:chestplateAmethyst,4134,false,null,biomesoplenty.common.armor.ItemAmethystArmor
BiomesOPlenty:leggingsAmethyst,4135,false,null,biomesoplenty.common.armor.ItemAmethystArmor
BiomesOPlenty:bootsAmethyst,4136,false,null,biomesoplenty.common.armor.ItemAmethystArmor
BiomesOPlenty:flowerBand,4137,false,null,biomesoplenty.common.armor.ItemFlowerBand
BiomesOPlenty:flippers,4138,false,null,biomesoplenty.common.armor.ItemFlippers
BiomesOPlenty:wadingBoots,4139,false,null,biomesoplenty.common.armor.ItemWadingBoots
JABBA:upgradeStructural,4140,false,null,mcp.mobius.betterbarrels.common.items.upgrades.ItemUpgradeStructural
JABBA:upgradeCore,4141,false,null,mcp.mobius.betterbarrels.common.items.upgrades.ItemUpgradeCore
JABBA:upgradeSide,4142,false,null,mcp.mobius.betterbarrels.common.items.upgrades.ItemUpgradeSide
JABBA:mover,4143,false,null,mcp.mobius.betterbarrels.common.items.dolly.ItemBarrelMover
JABBA:moverDiamond,4144,false,null,mcp.mobius.betterbarrels.common.items.dolly.ItemDiamondMover
JABBA:hammer,4145,false,null,mcp.mobius.betterbarrels.common.items.ItemBarrelHammer
JABBA:tuningFork,4146,false,null,mcp.mobius.betterbarrels.common.items.ItemTuningFork
MetallurgyCore:metallurgyCore.oreFinder,4147,false,null,com.teammetallurgy.metallurgycore.utils.ItemOreFinder
Metallurgy:base.dust,4148,false,null,com.teammetallurgy.metallurgy.metals.MetalItem
Metallurgy:copper.ingot,4149,false,null,com.teammetallurgy.metallurgy.metals.MetalItem
Metallurgy:copper.axe,4150,false,null,com.teammetallurgy.metallurgy.tools.Axe
Metallurgy:copper.hoe,4151,false,null,com.teammetallurgy.metallurgy.tools.Hoe
Metallurgy:copper.pickaxe,4152,false,null,com.teammetallurgy.metallurgy.tools.Pickaxe
Metallurgy:copper.shovel,4153,false,null,com.teammetallurgy.metallurgy.tools.Shovel
Metallurgy:copper.sword,4154,false,null,com.teammetallurgy.metallurgy.tools.Sword
Metallurgy:metallurgy.copper.helmet,4155,false,null,com.teammetallurgy.metallurgy.armor.ItemMetallurgyArmor
Metallurgy:metallurgy.copper.chestplate,4156,false,null,com.teammetallurgy.metallurgy.armor.ItemMetallurgyArmor
Metallurgy:metallurgy.copper.leggings,4157,false,null,com.teammetallurgy.metallurgy.armor.ItemMetallurgyArmor
Metallurgy:metallurgy.copper.boots,4158,false,null,com.teammetallurgy.metallurgy.armor.ItemMetallurgyArmor
Metallurgy:tin.ingot,4159,false,null,com.teammetallurgy.metallurgy.metals.MetalItem
Metallurgy:manganese.ingot,4160,false,null,com.teammetallurgy.metallurgy.metals.MetalItem
Metallurgy:bronze.ingot,4161,false,null,com.teammetallurgy.metallurgy.metals.MetalItem
Metallurgy:bronze.axe,4162,false,null,com.teammetallurgy.metallurgy.tools.Axe
Metallurgy:bronze.hoe,4163,false,null,com.teammetallurgy.metallurgy.tools.Hoe
Metallurgy:bronze.pickaxe,4164,false,null,com.teammetallurgy.metallurgy.tools.Pickaxe
Metallurgy:bronze.shovel,4165,false,null,com.teammetallurgy.metallurgy.tools.Shovel
Metallurgy:bronze.sword,4166,false,null,com.teammetallurgy.metallurgy.tools.Sword
Metallurgy:metallurgy.bronze.helmet,4167,false,null,com.teammetallurgy.metallurgy.armor.ItemMetallurgyArmor
Metallurgy:metallurgy.bronze.chestplate,4168,false,null,com.teammetallurgy.metallurgy.armor.ItemMetallurgyArmor
Metallurgy:metallurgy.bronze.leggings,4169,false,null,com.teammetallurgy.metallurgy.armor.ItemMetallurgyArmor
Metallurgy:metallurgy.bronze.boots,4170,false,null,com.teammetallurgy.metallurgy.armor.ItemMetallurgyArmor
Metallurgy:hepatizon.ingot,4171,false,null,com.teammetallurgy.metallurgy.metals.MetalItem
Metallurgy:hepatizon.axe,4172,false,null,com.teammetallurgy.metallurgy.tools.Axe
Metallurgy:hepatizon.hoe,4173,false,null,com.teammetallurgy.metallurgy.tools.Hoe
Metallurgy:hepatizon.pickaxe,4174,false,null,com.teammetallurgy.metallurgy.tools.Pickaxe
Metallurgy:hepatizon.shovel,4175,false,null,com.teammetallurgy.metallurgy.tools.Shovel
Metallurgy:hepatizon.sword,4176,false,null,com.teammetallurgy.metallurgy.tools.Sword
Metallurgy:metallurgy.hepatizon.helmet,4177,false,null,com.teammetallurgy.metallurgy.armor.ItemMetallurgyArmor
Metallurgy:metallurgy.hepatizon.chestplate,4178,false,null,com.teammetallurgy.metallurgy.armor.ItemMetallurgyArmor
Metallurgy:metallurgy.hepatizon.leggings,4179,false,null,com.teammetallurgy.metallurgy.armor.ItemMetallurgyArmor
Metallurgy:metallurgy.hepatizon.boots,4180,false,null,com.teammetallurgy.metallurgy.armor.ItemMetallurgyArmor
Metallurgy:damascus.steel.ingot,4181,false,null,com.teammetallurgy.metallurgy.metals.MetalItem
Metallurgy:damascus.steel.axe,4182,false,null,com.teammetallurgy.metallurgy.tools.Axe
Metallurgy:damascus.steel.hoe,4183,false,null,com.teammetallurgy.metallurgy.tools.Hoe
Metallurgy:damascus.steel.pickaxe,4184,false,null,com.teammetallurgy.metallurgy.tools.Pickaxe
Metallurgy:damascus.steel.shovel,4185,false,null,com.teammetallurgy.metallurgy.tools.Shovel
Metallurgy:damascus.steel.sword,4186,false,null,com.teammetallurgy.metallurgy.tools.Sword
Metallurgy:metallurgy.damascus.steel.helmet,4187,false,null,com.teammetallurgy.metallurgy.armor.ItemMetallurgyArmor
Metallurgy:metallurgy.damascus.steel.chestplate,4188,false,null,com.teammetallurgy.metallurgy.armor.ItemMetallurgyArmor
Metallurgy:metallurgy.damascus.steel.leggings,4189,false,null,com.teammetallurgy.metallurgy.armor.ItemMetallurgyArmor
Metallurgy:metallurgy.damascus.steel.boots,4190,false,null,com.teammetallurgy.metallurgy.armor.ItemMetallurgyArmor
Metallurgy:angmallen.ingot,4191,false,null,com.teammetallurgy.metallurgy.metals.MetalItem
Metallurgy:angmallen.axe,4192,false,null,com.teammetallurgy.metallurgy.tools.Axe
Metallurgy:angmallen.hoe,4193,false,null,com.teammetallurgy.metallurgy.tools.Hoe
Metallurgy:angmallen.pickaxe,4194,false,null,com.teammetallurgy.metallurgy.tools.Pickaxe
Metallurgy:angmallen.shovel,4195,false,null,com.teammetallurgy.metallurgy.tools.Shovel
Metallurgy:angmallen.sword,4196,false,null,com.teammetallurgy.metallurgy.tools.Sword
Metallurgy:metallurgy.angmallen.helmet,4197,false,null,com.teammetallurgy.metallurgy.armor.ItemMetallurgyArmor
Metallurgy:metallurgy.angmallen.chestplate,4198,false,null,com.teammetallurgy.metallurgy.armor.ItemMetallurgyArmor
Metallurgy:metallurgy.angmallen.leggings,4199,false,null,com.teammetallurgy.metallurgy.armor.ItemMetallurgyArmor
Metallurgy:metallurgy.angmallen.boots,4200,false,null,com.teammetallurgy.metallurgy.armor.ItemMetallurgyArmor
Metallurgy:steel.ingot,4201,false,null,com.teammetallurgy.metallurgy.metals.MetalItem
Metallurgy:steel.axe,4202,false,null,com.teammetallurgy.metallurgy.tools.Axe
Metallurgy:steel.hoe,4203,false,null,com.teammetallurgy.metallurgy.tools.Hoe
Metallurgy:steel.pickaxe,4204,false,null,com.teammetallurgy.metallurgy.tools.Pickaxe
Metallurgy:steel.shovel,4205,false,null,com.teammetallurgy.metallurgy.tools.Shovel
Metallurgy:steel.sword,4206,false,null,com.teammetallurgy.metallurgy.tools.Sword
Metallurgy:metallurgy.steel.helmet,4207,false,null,com.teammetallurgy.metallurgy.armor.ItemMetallurgyArmor
Metallurgy:metallurgy.steel.chestplate,4208,false,null,com.teammetallurgy.metallurgy.armor.ItemMetallurgyArmor
Metallurgy:metallurgy.steel.leggings,4209,false,null,com.teammetallurgy.metallurgy.armor.ItemMetallurgyArmor
Metallurgy:metallurgy.steel.boots,4210,false,null,com.teammetallurgy.metallurgy.armor.ItemMetallurgyArmor
Metallurgy:ender.dust,4211,false,null,com.teammetallurgy.metallurgy.metals.MetalItem
Metallurgy:eximite.ingot,4212,false,null,com.teammetallurgy.metallurgy.metals.MetalItem
Metallurgy:eximite.axe,4213,false,null,com.teammetallurgy.metallurgy.tools.Axe
Metallurgy:eximite.hoe,4214,false,null,com.teammetallurgy.metallurgy.tools.Hoe
Metallurgy:eximite.pickaxe,4215,false,null,com.teammetallurgy.metallurgy.tools.Pickaxe
Metallurgy:eximite.shovel,4216,false,null,com.teammetallurgy.metallurgy.tools.Shovel
Metallurgy:eximite.sword,4217,false,null,com.teammetallurgy.metallurgy.tools.Sword
Metallurgy:metallurgy.eximite.helmet,4218,false,null,com.teammetallurgy.metallurgy.armor.ItemMetallurgyArmor
Metallurgy:metallurgy.eximite.chestplate,4219,false,null,com.teammetallurgy.metallurgy.armor.ItemMetallurgyArmor
Metallurgy:metallurgy.eximite.leggings,4220,false,null,com.teammetallurgy.metallurgy.armor.ItemMetallurgyArmor
Metallurgy:metallurgy.eximite.boots,4221,false,null,com.teammetallurgy.metallurgy.armor.ItemMetallurgyArmor
Metallurgy:meutoite.ingot,4222,false,null,com.teammetallurgy.metallurgy.metals.MetalItem
Metallurgy:desichalkos.ingot,4223,false,null,com.teammetallurgy.metallurgy.metals.MetalItem
Metallurgy:desichalkos.axe,4224,false,null,com.teammetallurgy.metallurgy.tools.Axe
Metallurgy:desichalkos.hoe,4225,false,null,com.teammetallurgy.metallurgy.tools.Hoe
Metallurgy:desichalkos.pickaxe,4226,false,null,com.teammetallurgy.metallurgy.tools.Pickaxe
Metallurgy:desichalkos.shovel,4227,false,null,com.teammetallurgy.metallurgy.tools.Shovel
Metallurgy:desichalkos.sword,4228,false,null,com.teammetallurgy.metallurgy.tools.Sword
Metallurgy:metallurgy.desichalkos.helmet,4229,false,null,com.teammetallurgy.metallurgy.armor.ItemMetallurgyArmor
Metallurgy:metallurgy.desichalkos.chestplate,4230,false,null,com.teammetallurgy.metallurgy.armor.ItemMetallurgyArmor
Metallurgy:metallurgy.desichalkos.leggings,4231,false,null,com.teammetallurgy.metallurgy.armor.ItemMetallurgyArmor
Metallurgy:metallurgy.desichalkos.boots,4232,false,null,com.teammetallurgy.metallurgy.armor.ItemMetallurgyArmor
Metallurgy:fantasy.dust,4233,false,null,com.teammetallurgy.metallurgy.metals.MetalItem
Metallurgy:prometheum.ingot,4234,false,null,com.teammetallurgy.metallurgy.metals.MetalItem
Metallurgy:prometheum.axe,4235,false,null,com.teammetallurgy.metallurgy.tools.Axe
Metallurgy:prometheum.hoe,4236,false,null,com.teammetallurgy.metallurgy.tools.Hoe
Metallurgy:prometheum.pickaxe,4237,false,null,com.teammetallurgy.metallurgy.tools.Pickaxe
Metallurgy:prometheum.shovel,4238,false,null,com.teammetallurgy.metallurgy.tools.Shovel
Metallurgy:prometheum.sword,4239,false,null,com.teammetallurgy.metallurgy.tools.Sword
Metallurgy:metallurgy.prometheum.helmet,4240,false,null,com.teammetallurgy.metallurgy.armor.ItemMetallurgyArmor
Metallurgy:metallurgy.prometheum.chestplate,4241,false,null,com.teammetallurgy.metallurgy.armor.ItemMetallurgyArmor
Metallurgy:metallurgy.prometheum.leggings,4242,false,null,com.teammetallurgy.metallurgy.armor.ItemMetallurgyArmor
Metallurgy:metallurgy.prometheum.boots,4243,false,null,com.teammetallurgy.metallurgy.armor.ItemMetallurgyArmor
Metallurgy:deep.iron.ingot,4244,false,null,com.teammetallurgy.metallurgy.metals.MetalItem
Metallurgy:deep.iron.axe,4245,false,null,com.teammetallurgy.metallurgy.tools.Axe
Metallurgy:deep.iron.hoe,4246,false,null,com.teammetallurgy.metallurgy.tools.Hoe
Metallurgy:deep.iron.pickaxe,4247,false,null,com.teammetallurgy.metallurgy.tools.Pickaxe
Metallurgy:deep.iron.shovel,4248,false,null,com.teammetallurgy.metallurgy.tools.Shovel
Metallurgy:deep.iron.sword,4249,false,null,com.teammetallurgy.metallurgy.tools.Sword
Metallurgy:metallurgy.deep.iron.helmet,4250,false,null,com.teammetallurgy.metallurgy.armor.ItemMetallurgyArmor
Metallurgy:metallurgy.deep.iron.chestplate,4251,false,null,com.teammetallurgy.metallurgy.armor.ItemMetallurgyArmor
Metallurgy:metallurgy.deep.iron.leggings,4252,false,null,com.teammetallurgy.metallurgy.armor.ItemMetallurgyArmor
Metallurgy:metallurgy.deep.iron.boots,4253,false,null,com.teammetallurgy.metallurgy.armor.ItemMetallurgyArmor
Metallurgy:infuscolium.ingot,4254,false,null,com.teammetallurgy.metallurgy.metals.MetalItem
Metallurgy:black.steel.ingot,4255,false,null,com.teammetallurgy.metallurgy.metals.MetalItem
Metallurgy:black.steel.axe,4256,false,null,com.teammetallurgy.metallurgy.tools.Axe
Metallurgy:black.steel.hoe,4257,false,null,com.teammetallurgy.metallurgy.tools.Hoe
Metallurgy:black.steel.pickaxe,4258,false,null,com.teammetallurgy.metallurgy.tools.Pickaxe
Metallurgy:black.steel.shovel,4259,false,null,com.teammetallurgy.metallurgy.tools.Shovel
Metallurgy:black.steel.sword,4260,false,null,com.teammetallurgy.metallurgy.tools.Sword
Metallurgy:metallurgy.black.steel.helmet,4261,false,null,com.teammetallurgy.metallurgy.armor.ItemMetallurgyArmor
Metallurgy:metallurgy.black.steel.chestplate,4262,false,null,com.teammetallurgy.metallurgy.armor.ItemMetallurgyArmor
Metallurgy:metallurgy.black.steel.leggings,4263,false,null,com.teammetallurgy.metallurgy.armor.ItemMetallurgyArmor
Metallurgy:metallurgy.black.steel.boots,4264,false,null,com.teammetallurgy.metallurgy.armor.ItemMetallurgyArmor
Metallurgy:oureclase.ingot,4265,false,null,com.teammetallurgy.metallurgy.metals.MetalItem
Metallurgy:oureclase.axe,4266,false,null,com.teammetallurgy.metallurgy.tools.Axe
Metallurgy:oureclase.hoe,4267,false,null,com.teammetallurgy.metallurgy.tools.Hoe
Metallurgy:oureclase.pickaxe,4268,false,null,com.teammetallurgy.metallurgy.tools.Pickaxe
Metallurgy:oureclase.shovel,4269,false,null,com.teammetallurgy.metallurgy.tools.Shovel
Metallurgy:oureclase.sword,4270,false,null,com.teammetallurgy.metallurgy.tools.Sword
Metallurgy:metallurgy.oureclase.helmet,4271,false,null,com.teammetallurgy.metallurgy.armor.ItemMetallurgyArmor
Metallurgy:metallurgy.oureclase.chestplate,4272,false,null,com.teammetallurgy.metallurgy.armor.ItemMetallurgyArmor
Metallurgy:metallurgy.oureclase.leggings,4273,false,null,com.teammetallurgy.metallurgy.armor.ItemMetallurgyArmor
Metallurgy:metallurgy.oureclase.boots,4274,false,null,com.teammetallurgy.metallurgy.armor.ItemMetallurgyArmor
Metallurgy:astral.silver.ingot,4275,false,null,com.teammetallurgy.metallurgy.metals.MetalItem
Metallurgy:astral.silver.axe,4276,false,null,com.teammetallurgy.metallurgy.tools.Axe
Metallurgy:astral.silver.hoe,4277,false,null,com.teammetallurgy.metallurgy.tools.Hoe
Metallurgy:astral.silver.pickaxe,4278,false,null,com.teammetallurgy.metallurgy.tools.Pickaxe
Metallurgy:astral.silver.shovel,4279,false,null,com.teammetallurgy.metallurgy.tools.Shovel
Metallurgy:astral.silver.sword,4280,false,null,com.teammetallurgy.metallurgy.tools.Sword
Metallurgy:metallurgy.astral.silver.helmet,4281,false,null,com.teammetallurgy.metallurgy.armor.ItemMetallurgyArmor
Metallurgy:metallurgy.astral.silver.chestplate,4282,false,null,com.teammetallurgy.metallurgy.armor.ItemMetallurgyArmor
Metallurgy:metallurgy.astral.silver.leggings,4283,false,null,com.teammetallurgy.metallurgy.armor.ItemMetallurgyArmor
Metallurgy:metallurgy.astral.silver.boots,4284,false,null,com.teammetallurgy.metallurgy.armor.ItemMetallurgyArmor
Metallurgy:carmot.ingot,4285,false,null,com.teammetallurgy.metallurgy.metals.MetalItem
Metallurgy:carmot.axe,4286,false,null,com.teammetallurgy.metallurgy.tools.Axe
Metallurgy:carmot.hoe,4287,false,null,com.teammetallurgy.metallurgy.tools.Hoe
Metallurgy:carmot.pickaxe,4288,false,null,com.teammetallurgy.metallurgy.tools.Pickaxe
Metallurgy:carmot.shovel,4289,false,null,com.teammetallurgy.metallurgy.tools.Shovel
Metallurgy:carmot.sword,4290,false,null,com.teammetallurgy.metallurgy.tools.Sword
Metallurgy:metallurgy.carmot.helmet,4291,false,null,com.teammetallurgy.metallurgy.armor.ItemMetallurgyArmor
Metallurgy:metallurgy.carmot.chestplate,4292,false,null,com.teammetallurgy.metallurgy.armor.ItemMetallurgyArmor
Metallurgy:metallurgy.carmot.leggings,4293,false,null,com.teammetallurgy.metallurgy.armor.ItemMetallurgyArmor
Metallurgy:metallurgy.carmot.boots,4294,false,null,com.teammetallurgy.metallurgy.armor.ItemMetallurgyArmor
Metallurgy:mithril.ingot,4295,false,null,com.teammetallurgy.metallurgy.metals.MetalItem
Metallurgy:mithril.axe,4296,false,null,com.teammetallurgy.metallurgy.tools.Axe
Metallurgy:mithril.hoe,4297,false,null,com.teammetallurgy.metallurgy.tools.Hoe
Metallurgy:mithril.pickaxe,4298,false,null,com.teammetallurgy.metallurgy.tools.Pickaxe
Metallurgy:mithril.shovel,4299,false,null,com.teammetallurgy.metallurgy.tools.Shovel
Metallurgy:mithril.sword,4300,false,null,com.teammetallurgy.metallurgy.tools.Sword
Metallurgy:metallurgy.mithril.helmet,4301,false,null,com.teammetallurgy.metallurgy.armor.ItemMetallurgyArmor
Metallurgy:metallurgy.mithril.chestplate,4302,false,null,com.teammetallurgy.metallurgy.armor.ItemMetallurgyArmor
Metallurgy:metallurgy.mithril.leggings,4303,false,null,com.teammetallurgy.metallurgy.armor.ItemMetallurgyArmor
Metallurgy:metallurgy.mithril.boots,4304,false,null,com.teammetallurgy.metallurgy.armor.ItemMetallurgyArmor
Metallurgy:rubracium.ingot,4305,false,null,com.teammetallurgy.metallurgy.metals.MetalItem
Metallurgy:quicksilver.ingot,4306,false,null,com.teammetallurgy.metallurgy.metals.MetalItem
Metallurgy:quicksilver.axe,4307,false,null,com.teammetallurgy.metallurgy.tools.Axe
Metallurgy:quicksilver.hoe,4308,false,null,com.teammetallurgy.metallurgy.tools.Hoe
Metallurgy:quicksilver.pickaxe,4309,false,null,com.teammetallurgy.metallurgy.tools.Pickaxe
Metallurgy:quicksilver.shovel,4310,false,null,com.teammetallurgy.metallurgy.tools.Shovel
Metallurgy:quicksilver.sword,4311,false,null,com.teammetallurgy.metallurgy.tools.Sword
Metallurgy:metallurgy.quicksilver.helmet,4312,false,null,com.teammetallurgy.metallurgy.armor.ItemMetallurgyArmor
Metallurgy:metallurgy.quicksilver.chestplate,4313,false,null,com.teammetallurgy.metallurgy.armor.ItemMetallurgyArmor
Metallurgy:metallurgy.quicksilver.leggings,4314,false,null,com.teammetallurgy.metallurgy.armor.ItemMetallurgyArmor
Metallurgy:metallurgy.quicksilver.boots,4315,false,null,com.teammetallurgy.metallurgy.armor.ItemMetallurgyArmor
Metallurgy:haderoth.ingot,4316,false,null,com.teammetallurgy.metallurgy.metals.MetalItem
Metallurgy:haderoth.axe,4317,false,null,com.teammetallurgy.metallurgy.tools.Axe
Metallurgy:haderoth.hoe,4318,false,null,com.teammetallurgy.metallurgy.tools.Hoe
Metallurgy:haderoth.pickaxe,4319,false,null,com.teammetallurgy.metallurgy.tools.Pickaxe
Metallurgy:haderoth.shovel,4320,false,null,com.teammetallurgy.metallurgy.tools.Shovel
Metallurgy:haderoth.sword,4321,false,null,com.teammetallurgy.metallurgy.tools.Sword
Metallurgy:metallurgy.haderoth.helmet,4322,false,null,com.teammetallurgy.metallurgy.armor.ItemMetallurgyArmor
Metallurgy:metallurgy.haderoth.chestplate,4323,false,null,com.teammetallurgy.metallurgy.armor.ItemMetallurgyArmor
Metallurgy:metallurgy.haderoth.leggings,4324,false,null,com.teammetallurgy.metallurgy.armor.ItemMetallurgyArmor
Metallurgy:metallurgy.haderoth.boots,4325,false,null,com.teammetallurgy.metallurgy.armor.ItemMetallurgyArmor
Metallurgy:orichalcum.ingot,4326,false,null,com.teammetallurgy.metallurgy.metals.MetalItem
Metallurgy:orichalcum.axe,4327,false,null,com.teammetallurgy.metallurgy.tools.Axe
Metallurgy:orichalcum.hoe,4328,false,null,com.teammetallurgy.metallurgy.tools.Hoe
Metallurgy:orichalcum.pickaxe,4329,false,null,com.teammetallurgy.metallurgy.tools.Pickaxe
Metallurgy:orichalcum.shovel,4330,false,null,com.teammetallurgy.metallurgy.tools.Shovel
Metallurgy:orichalcum.sword,4331,false,null,com.teammetallurgy.metallurgy.tools.Sword
Metallurgy:metallurgy.orichalcum.helmet,4332,false,null,com.teammetallurgy.metallurgy.armor.ItemMetallurgyArmor
Metallurgy:metallurgy.orichalcum.chestplate,4333,false,null,com.teammetallurgy.metallurgy.armor.ItemMetallurgyArmor
Metallurgy:metallurgy.orichalcum.leggings,4334,false,null,com.teammetallurgy.metallurgy.armor.ItemMetallurgyArmor
Metallurgy:metallurgy.orichalcum.boots,4335,false,null,com.teammetallurgy.metallurgy.armor.ItemMetallurgyArmor
Metallurgy:celenegil.ingot,4336,false,null,com.teammetallurgy.metallurgy.metals.MetalItem
Metallurgy:celenegil.axe,4337,false,null,com.teammetallurgy.metallurgy.tools.Axe
Metallurgy:celenegil.hoe,4338,false,null,com.teammetallurgy.metallurgy.tools.Hoe
Metallurgy:celenegil.pickaxe,4339,false,null,com.teammetallurgy.metallurgy.tools.Pickaxe
Metallurgy:celenegil.shovel,4340,false,null,com.teammetallurgy.metallurgy.tools.Shovel
Metallurgy:celenegil.sword,4341,false,null,com.teammetallurgy.metallurgy.tools.Sword
Metallurgy:metallurgy.celenegil.helmet,4342,false,null,com.teammetallurgy.metallurgy.armor.ItemMetallurgyArmor
Metallurgy:metallurgy.celenegil.chestplate,4343,false,null,com.teammetallurgy.metallurgy.armor.ItemMetallurgyArmor
Metallurgy:metallurgy.celenegil.leggings,4344,false,null,com.teammetallurgy.metallurgy.armor.ItemMetallurgyArmor
Metallurgy:metallurgy.celenegil.boots,4345,false,null,com.teammetallurgy.metallurgy.armor.ItemMetallurgyArmor
Metallurgy:adamantine.ingot,4346,false,null,com.teammetallurgy.metallurgy.metals.MetalItem
Metallurgy:adamantine.axe,4347,false,null,com.teammetallurgy.metallurgy.tools.Axe
Metallurgy:adamantine.hoe,4348,false,null,com.teammetallurgy.metallurgy.tools.Hoe
Metallurgy:adamantine.pickaxe,4349,false,null,com.teammetallurgy.metallurgy.tools.Pickaxe
Metallurgy:adamantine.shovel,4350,false,null,com.teammetallurgy.metallurgy.tools.Shovel
Metallurgy:adamantine.sword,4351,false,null,com.teammetallurgy.metallurgy.tools.Sword
Metallurgy:metallurgy.adamantine.helmet,4352,false,null,com.teammetallurgy.metallurgy.armor.ItemMetallurgyArmor
Metallurgy:metallurgy.adamantine.chestplate,4353,false,null,com.teammetallurgy.metallurgy.armor.ItemMetallurgyArmor
Metallurgy:metallurgy.adamantine.leggings,4354,false,null,com.teammetallurgy.metallurgy.armor.ItemMetallurgyArmor
Metallurgy:metallurgy.adamantine.boots,4355,false,null,com.teammetallurgy.metallurgy.armor.ItemMetallurgyArmor
Metallurgy:atlarus.ingot,4356,false,null,com.teammetallurgy.metallurgy.metals.MetalItem
Metallurgy:atlarus.axe,4357,false,null,com.teammetallurgy.metallurgy.tools.Axe
Metallurgy:atlarus.hoe,4358,false,null,com.teammetallurgy.metallurgy.tools.Hoe
Metallurgy:atlarus.pickaxe,4359,false,null,com.teammetallurgy.metallurgy.tools.Pickaxe
Metallurgy:atlarus.shovel,4360,false,null,com.teammetallurgy.metallurgy.tools.Shovel
Metallurgy:atlarus.sword,4361,false,null,com.teammetallurgy.metallurgy.tools.Sword
Metallurgy:metallurgy.atlarus.helmet,4362,false,null,com.teammetallurgy.metallurgy.armor.ItemMetallurgyArmor
Metallurgy:metallurgy.atlarus.chestplate,4363,false,null,com.teammetallurgy.metallurgy.armor.ItemMetallurgyArmor
Metallurgy:metallurgy.atlarus.leggings,4364,false,null,com.teammetallurgy.metallurgy.armor.ItemMetallurgyArmor
Metallurgy:metallurgy.atlarus.boots,4365,false,null,com.teammetallurgy.metallurgy.armor.ItemMetallurgyArmor
Metallurgy:tartarite.ingot,4366,false,null,com.teammetallurgy.metallurgy.metals.MetalItem
Metallurgy:tartarite.axe,4367,false,null,com.teammetallurgy.metallurgy.tools.Axe
Metallurgy:tartarite.hoe,4368,false,null,com.teammetallurgy.metallurgy.tools.Hoe
Metallurgy:tartarite.pickaxe,4369,false,null,com.teammetallurgy.metallurgy.tools.Pickaxe
Metallurgy:tartarite.shovel,4370,false,null,com.teammetallurgy.metallurgy.tools.Shovel
Metallurgy:tartarite.sword,4371,false,null,com.teammetallurgy.metallurgy.tools.Sword
Metallurgy:metallurgy.tartarite.helmet,4372,false,null,com.teammetallurgy.metallurgy.armor.ItemMetallurgyArmor
Metallurgy:metallurgy.tartarite.chestplate,4373,false,null,com.teammetallurgy.metallurgy.armor.ItemMetallurgyArmor
Metallurgy:metallurgy.tartarite.leggings,4374,false,null,com.teammetallurgy.metallurgy.armor.ItemMetallurgyArmor
Metallurgy:metallurgy.tartarite.boots,4375,false,null,com.teammetallurgy.metallurgy.armor.ItemMetallurgyArmor
Metallurgy:nether.dust,4376,false,null,com.teammetallurgy.metallurgy.metals.MetalItem
Metallurgy:ignatius.ingot,4377,false,null,com.teammetallurgy.metallurgy.metals.MetalItem
Metallurgy:ignatius.axe,4378,false,null,com.teammetallurgy.metallurgy.tools.Axe
Metallurgy:ignatius.hoe,4379,false,null,com.teammetallurgy.metallurgy.tools.Hoe
Metallurgy:ignatius.pickaxe,4380,false,null,com.teammetallurgy.metallurgy.tools.Pickaxe
Metallurgy:ignatius.shovel,4381,false,null,com.teammetallurgy.metallurgy.tools.Shovel
Metallurgy:ignatius.sword,4382,false,null,com.teammetallurgy.metallurgy.tools.Sword
Metallurgy:metallurgy.ignatius.helmet,4383,false,null,com.teammetallurgy.metallurgy.armor.ItemMetallurgyArmor
Metallurgy:metallurgy.ignatius.chestplate,4384,false,null,com.teammetallurgy.metallurgy.armor.ItemMetallurgyArmor
Metallurgy:metallurgy.ignatius.leggings,4385,false,null,com.teammetallurgy.metallurgy.armor.ItemMetallurgyArmor
Metallurgy:metallurgy.ignatius.boots,4386,false,null,com.teammetallurgy.metallurgy.armor.ItemMetallurgyArmor
Metallurgy:shadow.iron.ingot,4387,false,null,com.teammetallurgy.metallurgy.metals.MetalItem
Metallurgy:shadow.iron.axe,4388,false,null,com.teammetallurgy.metallurgy.tools.Axe
Metallurgy:shadow.iron.hoe,4389,false,null,com.teammetallurgy.metallurgy.tools.Hoe
Metallurgy:shadow.iron.pickaxe,4390,false,null,com.teammetallurgy.metallurgy.tools.Pickaxe
Metallurgy:shadow.iron.shovel,4391,false,null,com.teammetallurgy.metallurgy.tools.Shovel
Metallurgy:shadow.iron.sword,4392,false,null,com.teammetallurgy.metallurgy.tools.Sword
Metallurgy:metallurgy.shadow.iron.helmet,4393,false,null,com.teammetallurgy.metallurgy.armor.ItemMetallurgyArmor
Metallurgy:metallurgy.shadow.iron.chestplate,4394,false,null,com.teammetallurgy.metallurgy.armor.ItemMetallurgyArmor
Metallurgy:metallurgy.shadow.iron.leggings,4395,false,null,com.teammetallurgy.metallurgy.armor.ItemMetallurgyArmor
Metallurgy:metallurgy.shadow.iron.boots,4396,false,null,com.teammetallurgy.metallurgy.armor.ItemMetallurgyArmor
Metallurgy:lemurite.ingot,4397,false,null,com.teammetallurgy.metallurgy.metals.MetalItem
Metallurgy:midasium.ingot,4398,false,null,com.teammetallurgy.metallurgy.metals.MetalItem
Metallurgy:midasium.axe,4399,false,null,com.teammetallurgy.metallurgy.tools.Axe
Metallurgy:midasium.hoe,4400,false,null,com.teammetallurgy.metallurgy.tools.Hoe
Metallurgy:midasium.pickaxe,4401,false,null,com.teammetallurgy.metallurgy.tools.Pickaxe
Metallurgy:midasium.shovel,4402,false,null,com.teammetallurgy.metallurgy.tools.Shovel
Metallurgy:midasium.sword,4403,false,null,com.teammetallurgy.metallurgy.tools.Sword
Metallurgy:metallurgy.midasium.helmet,4404,false,null,com.teammetallurgy.metallurgy.armor.ItemMetallurgyArmor
Metallurgy:metallurgy.midasium.chestplate,4405,false,null,com.teammetallurgy.metallurgy.armor.ItemMetallurgyArmor
Metallurgy:metallurgy.midasium.leggings,4406,false,null,com.teammetallurgy.metallurgy.armor.ItemMetallurgyArmor
Metallurgy:metallurgy.midasium.boots,4407,false,null,com.teammetallurgy.metallurgy.armor.ItemMetallurgyArmor
Metallurgy:vyroxeres.ingot,4408,false,null,com.teammetallurgy.metallurgy.metals.MetalItem
Metallurgy:vyroxeres.axe,4409,false,null,com.teammetallurgy.metallurgy.tools.Axe
Metallurgy:vyroxeres.hoe,4410,false,null,com.teammetallurgy.metallurgy.tools.Hoe
Metallurgy:vyroxeres.pickaxe,4411,false,null,com.teammetallurgy.metallurgy.tools.Pickaxe
Metallurgy:vyroxeres.shovel,4412,false,null,com.teammetallurgy.metallurgy.tools.Shovel
Metallurgy:vyroxeres.sword,4413,false,null,com.teammetallurgy.metallurgy.tools.Sword
Metallurgy:metallurgy.vyroxeres.helmet,4414,false,null,com.teammetallurgy.metallurgy.armor.ItemMetallurgyArmor
Metallurgy:metallurgy.vyroxeres.chestplate,4415,false,null,com.teammetallurgy.metallurgy.armor.ItemMetallurgyArmor
Metallurgy:metallurgy.vyroxeres.leggings,4416,false,null,com.teammetallurgy.metallurgy.armor.ItemMetallurgyArmor
Metallurgy:metallurgy.vyroxeres.boots,4417,false,null,com.teammetallurgy.metallurgy.armor.ItemMetallurgyArmor
Metallurgy:ceruclase.ingot,4418,false,null,com.teammetallurgy.metallurgy.metals.MetalItem
Metallurgy:ceruclase.axe,4419,false,null,com.teammetallurgy.metallurgy.tools.Axe
Metallurgy:ceruclase.hoe,4420,false,null,com.teammetallurgy.metallurgy.tools.Hoe
Metallurgy:ceruclase.pickaxe,4421,false,null,com.teammetallurgy.metallurgy.tools.Pickaxe
Metallurgy:ceruclase.shovel,4422,false,null,com.teammetallurgy.metallurgy.tools.Shovel
Metallurgy:ceruclase.sword,4423,false,null,com.teammetallurgy.metallurgy.tools.Sword
Metallurgy:metallurgy.ceruclase.helmet,4424,false,null,com.teammetallurgy.metallurgy.armor.ItemMetallurgyArmor
Metallurgy:metallurgy.ceruclase.chestplate,4425,false,null,com.teammetallurgy.metallurgy.armor.ItemMetallurgyArmor
Metallurgy:metallurgy.ceruclase.leggings,4426,false,null,com.teammetallurgy.metallurgy.armor.ItemMetallurgyArmor
Metallurgy:metallurgy.ceruclase.boots,4427,false,null,com.teammetallurgy.metallurgy.armor.ItemMetallurgyArmor
Metallurgy:alduorite.ingot,4428,false,null,com.teammetallurgy.metallurgy.metals.MetalItem
Metallurgy:kalendrite.ingot,4429,false,null,com.teammetallurgy.metallurgy.metals.MetalItem
Metallurgy:kalendrite.axe,4430,false,null,com.teammetallurgy.metallurgy.tools.Axe
Metallurgy:kalendrite.hoe,4431,false,null,com.teammetallurgy.metallurgy.tools.Hoe
Metallurgy:kalendrite.pickaxe,4432,false,null,com.teammetallurgy.metallurgy.tools.Pickaxe
Metallurgy:kalendrite.shovel,4433,false,null,com.teammetallurgy.metallurgy.tools.Shovel
Metallurgy:kalendrite.sword,4434,false,null,com.teammetallurgy.metallurgy.tools.Sword
Metallurgy:metallurgy.kalendrite.helmet,4435,false,null,com.teammetallurgy.metallurgy.armor.ItemMetallurgyArmor
Metallurgy:metallurgy.kalendrite.chestplate,4436,false,null,com.teammetallurgy.metallurgy.armor.ItemMetallurgyArmor
Metallurgy:metallurgy.kalendrite.leggings,4437,false,null,com.teammetallurgy.metallurgy.armor.ItemMetallurgyArmor
Metallurgy:metallurgy.kalendrite.boots,4438,false,null,com.teammetallurgy.metallurgy.armor.ItemMetallurgyArmor
Metallurgy:vulcanite.ingot,4439,false,null,com.teammetallurgy.metallurgy.metals.MetalItem
Metallurgy:vulcanite.axe,4440,false,null,com.teammetallurgy.metallurgy.tools.Axe
Metallurgy:vulcanite.hoe,4441,false,null,com.teammetallurgy.metallurgy.tools.Hoe
Metallurgy:vulcanite.pickaxe,4442,false,null,com.teammetallurgy.metallurgy.tools.Pickaxe
Metallurgy:vulcanite.shovel,4443,false,null,com.teammetallurgy.metallurgy.tools.Shovel
Metallurgy:vulcanite.sword,4444,false,null,com.teammetallurgy.metallurgy.tools.Sword
Metallurgy:metallurgy.vulcanite.helmet,4445,false,null,com.teammetallurgy.metallurgy.armor.ItemMetallurgyArmor
Metallurgy:metallurgy.vulcanite.chestplate,4446,false,null,com.teammetallurgy.metallurgy.armor.ItemMetallurgyArmor
Metallurgy:metallurgy.vulcanite.leggings,4447,false,null,com.teammetallurgy.metallurgy.armor.ItemMetallurgyArmor
Metallurgy:metallurgy.vulcanite.boots,4448,false,null,com.teammetallurgy.metallurgy.armor.ItemMetallurgyArmor
Metallurgy:sanguinite.ingot,4449,false,null,com.teammetallurgy.metallurgy.metals.MetalItem
Metallurgy:sanguinite.axe,4450,false,null,com.teammetallurgy.metallurgy.tools.Axe
Metallurgy:sanguinite.hoe,4451,false,null,com.teammetallurgy.metallurgy.tools.Hoe
Metallurgy:sanguinite.pickaxe,4452,false,null,com.teammetallurgy.metallurgy.tools.Pickaxe
Metallurgy:sanguinite.shovel,4453,false,null,com.teammetallurgy.metallurgy.tools.Shovel
Metallurgy:sanguinite.sword,4454,false,null,com.teammetallurgy.metallurgy.tools.Sword
Metallurgy:metallurgy.sanguinite.helmet,4455,false,null,com.teammetallurgy.metallurgy.armor.ItemMetallurgyArmor
Metallurgy:metallurgy.sanguinite.chestplate,4456,false,null,com.teammetallurgy.metallurgy.armor.ItemMetallurgyArmor
Metallurgy:metallurgy.sanguinite.leggings,4457,false,null,com.teammetallurgy.metallurgy.armor.ItemMetallurgyArmor
Metallurgy:metallurgy.sanguinite.boots,4458,false,null,com.teammetallurgy.metallurgy.armor.ItemMetallurgyArmor
Metallurgy:shadow.steel.ingot,4459,false,null,com.teammetallurgy.metallurgy.metals.MetalItem
Metallurgy:shadow.steel.axe,4460,false,null,com.teammetallurgy.metallurgy.tools.Axe
Metallurgy:shadow.steel.hoe,4461,false,null,com.teammetallurgy.metallurgy.tools.Hoe
Metallurgy:shadow.steel.pickaxe,4462,false,null,com.teammetallurgy.metallurgy.tools.Pickaxe
Metallurgy:shadow.steel.shovel,4463,false,null,com.teammetallurgy.metallurgy.tools.Shovel
Metallurgy:shadow.steel.sword,4464,false,null,com.teammetallurgy.metallurgy.tools.Sword
Metallurgy:metallurgy.shadow.steel.helmet,4465,false,null,com.teammetallurgy.metallurgy.armor.ItemMetallurgyArmor
Metallurgy:metallurgy.shadow.steel.chestplate,4466,false,null,com.teammetallurgy.metallurgy.armor.ItemMetallurgyArmor
Metallurgy:metallurgy.shadow.steel.leggings,4467,false,null,com.teammetallurgy.metallurgy.armor.ItemMetallurgyArmor
Metallurgy:metallurgy.shadow.steel.boots,4468,false,null,com.teammetallurgy.metallurgy.armor.ItemMetallurgyArmor
Metallurgy:inolashite.ingot,4469,false,null,com.teammetallurgy.metallurgy.metals.MetalItem
Metallurgy:inolashite.axe,4470,false,null,com.teammetallurgy.metallurgy.tools.Axe
Metallurgy:inolashite.hoe,4471,false,null,com.teammetallurgy.metallurgy.tools.Hoe
Metallurgy:inolashite.pickaxe,4472,false,null,com.teammetallurgy.metallurgy.tools.Pickaxe
Metallurgy:inolashite.shovel,4473,false,null,com.teammetallurgy.metallurgy.tools.Shovel
Metallurgy:inolashite.sword,4474,false,null,com.teammetallurgy.metallurgy.tools.Sword
Metallurgy:metallurgy.inolashite.helmet,4475,false,null,com.teammetallurgy.metallurgy.armor.ItemMetallurgyArmor
Metallurgy:metallurgy.inolashite.chestplate,4476,false,null,com.teammetallurgy.metallurgy.armor.ItemMetallurgyArmor
Metallurgy:metallurgy.inolashite.leggings,4477,false,null,com.teammetallurgy.metallurgy.armor.ItemMetallurgyArmor
Metallurgy:metallurgy.inolashite.boots,4478,false,null,com.teammetallurgy.metallurgy.armor.ItemMetallurgyArmor
Metallurgy:amordrine.ingot,4479,false,null,com.teammetallurgy.metallurgy.metals.MetalItem
Metallurgy:amordrine.axe,4480,false,null,com.teammetallurgy.metallurgy.tools.Axe
Metallurgy:amordrine.hoe,4481,false,null,com.teammetallurgy.metallurgy.tools.Hoe
Metallurgy:amordrine.pickaxe,4482,false,null,com.teammetallurgy.metallurgy.tools.Pickaxe
Metallurgy:amordrine.shovel,4483,false,null,com.teammetallurgy.metallurgy.tools.Shovel
Metallurgy:amordrine.sword,4484,false,null,com.teammetallurgy.metallurgy.tools.Sword
Metallurgy:metallurgy.amordrine.helmet,4485,false,null,com.teammetallurgy.metallurgy.armor.ItemMetallurgyArmor
Metallurgy:metallurgy.amordrine.chestplate,4486,false,null,com.teammetallurgy.metallurgy.armor.ItemMetallurgyArmor
Metallurgy:metallurgy.amordrine.leggings,4487,false,null,com.teammetallurgy.metallurgy.armor.ItemMetallurgyArmor
Metallurgy:metallurgy.amordrine.boots,4488,false,null,com.teammetallurgy.metallurgy.armor.ItemMetallurgyArmor
Metallurgy:precious.dust,4489,false,null,com.teammetallurgy.metallurgy.metals.MetalItem
Metallurgy:zinc.ingot,4490,false,null,com.teammetallurgy.metallurgy.metals.MetalItem
Metallurgy:silver.ingot,4491,false,null,com.teammetallurgy.metallurgy.metals.MetalItem
Metallurgy:silver.axe,4492,false,null,com.teammetallurgy.metallurgy.tools.Axe
Metallurgy:silver.hoe,4493,false,null,com.teammetallurgy.metallurgy.tools.Hoe
Metallurgy:silver.pickaxe,4494,false,null,com.teammetallurgy.metallurgy.tools.Pickaxe
Metallurgy:silver.shovel,4495,false,null,com.teammetallurgy.metallurgy.tools.Shovel
Metallurgy:silver.sword,4496,false,null,com.teammetallurgy.metallurgy.tools.Sword
Metallurgy:metallurgy.silver.helmet,4497,false,null,com.teammetallurgy.metallurgy.armor.ItemMetallurgyArmor
Metallurgy:metallurgy.silver.chestplate,4498,false,null,com.teammetallurgy.metallurgy.armor.ItemMetallurgyArmor
Metallurgy:metallurgy.silver.leggings,4499,false,null,com.teammetallurgy.metallurgy.armor.ItemMetallurgyArmor
Metallurgy:metallurgy.silver.boots,4500,false,null,com.teammetallurgy.metallurgy.armor.ItemMetallurgyArmor
Metallurgy:platinum.ingot,4501,false,null,com.teammetallurgy.metallurgy.metals.MetalItem
Metallurgy:platinum.axe,4502,false,null,com.teammetallurgy.metallurgy.tools.Axe
Metallurgy:platinum.hoe,4503,false,null,com.teammetallurgy.metallurgy.tools.Hoe
Metallurgy:platinum.pickaxe,4504,false,null,com.teammetallurgy.metallurgy.tools.Pickaxe
Metallurgy:platinum.shovel,4505,false,null,com.teammetallurgy.metallurgy.tools.Shovel
Metallurgy:platinum.sword,4506,false,null,com.teammetallurgy.metallurgy.tools.Sword
Metallurgy:metallurgy.platinum.helmet,4507,false,null,com.teammetallurgy.metallurgy.armor.ItemMetallurgyArmor
Metallurgy:metallurgy.platinum.chestplate,4508,false,null,com.teammetallurgy.metallurgy.armor.ItemMetallurgyArmor
Metallurgy:metallurgy.platinum.leggings,4509,false,null,com.teammetallurgy.metallurgy.armor.ItemMetallurgyArmor
Metallurgy:metallurgy.platinum.boots,4510,false,null,com.teammetallurgy.metallurgy.armor.ItemMetallurgyArmor
Metallurgy:brass.ingot,4511,false,null,com.teammetallurgy.metallurgy.metals.MetalItem
Metallurgy:brass.axe,4512,false,null,com.teammetallurgy.metallurgy.tools.Axe
Metallurgy:brass.hoe,4513,false,null,com.teammetallurgy.metallurgy.tools.Hoe
Metallurgy:brass.pickaxe,4514,false,null,com.teammetallurgy.metallurgy.tools.Pickaxe
Metallurgy:brass.shovel,4515,false,null,com.teammetallurgy.metallurgy.tools.Shovel
Metallurgy:brass.sword,4516,false,null,com.teammetallurgy.metallurgy.tools.Sword
Metallurgy:metallurgy.brass.helmet,4517,false,null,com.teammetallurgy.metallurgy.armor.ItemMetallurgyArmor
Metallurgy:metallurgy.brass.chestplate,4518,false,null,com.teammetallurgy.metallurgy.armor.ItemMetallurgyArmor
Metallurgy:metallurgy.brass.leggings,4519,false,null,com.teammetallurgy.metallurgy.armor.ItemMetallurgyArmor
Metallurgy:metallurgy.brass.boots,4520,false,null,com.teammetallurgy.metallurgy.armor.ItemMetallurgyArmor
Metallurgy:electrum.ingot,4521,false,null,com.teammetallurgy.metallurgy.metals.MetalItem
Metallurgy:electrum.axe,4522,false,null,com.teammetallurgy.metallurgy.tools.Axe
Metallurgy:electrum.hoe,4523,false,null,com.teammetallurgy.metallurgy.tools.Hoe
Metallurgy:electrum.pickaxe,4524,false,null,com.teammetallurgy.metallurgy.tools.Pickaxe
Metallurgy:electrum.shovel,4525,false,null,com.teammetallurgy.metallurgy.tools.Shovel
Metallurgy:electrum.sword,4526,false,null,com.teammetallurgy.metallurgy.tools.Sword
Metallurgy:metallurgy.electrum.helmet,4527,false,null,com.teammetallurgy.metallurgy.armor.ItemMetallurgyArmor
Metallurgy:metallurgy.electrum.chestplate,4528,false,null,com.teammetallurgy.metallurgy.armor.ItemMetallurgyArmor
Metallurgy:metallurgy.electrum.leggings,4529,false,null,com.teammetallurgy.metallurgy.armor.ItemMetallurgyArmor
Metallurgy:metallurgy.electrum.boots,4530,false,null,com.teammetallurgy.metallurgy.armor.ItemMetallurgyArmor
Metallurgy:utility.item,4531,false,null,com.teammetallurgy.metallurgy.metals.MetalItem
Metallurgy:metallurgy.drawer,4532,false,null,com.teammetallurgy.metallurgy.items.ItemDrawer
Metallurgy:vanilla.dust,4533,false,null,com.teammetallurgy.metallurgy.metals.MetalItem
Mystcraft:page,4534,false,null,com.xcompwiz.mystcraft.item.ItemPage
Mystcraft:agebook,4535,false,null,com.xcompwiz.mystcraft.item.ItemAgebook
Mystcraft:linkbook,4536,false,null,com.xcompwiz.mystcraft.item.ItemLinkbook
Mystcraft:unlinkedbook,4537,false,null,com.xcompwiz.mystcraft.item.ItemLinkbookUnlinked
Mystcraft:notebook,4538,false,null,com.xcompwiz.mystcraft.item.ItemNotebook
Mystcraft:writingdesk,4539,false,null,com.xcompwiz.mystcraft.item.ItemWritingDesk
Mystcraft:vial,4540,false,null,com.xcompwiz.mystcraft.item.ItemInkVial
ForgeMicroblock:microblock,4541,false,null,codechicken.microblock.ItemMicroPart
ForgeMicroblock:sawStone,4542,false,null,codechicken.microblock.ItemSaw
ForgeMicroblock:sawIron,4543,false,null,codechicken.microblock.ItemSaw
ForgeMicroblock:sawDiamond,4544,false,null,codechicken.microblock.ItemSaw
ForgeMicroblock:stoneRod,4545,false,null,net.minecraft.item.Item
